"Strike","Days to Expiry","Price"
23,1,0
24.8461538461538,1,0
26.6923076923077,1,0
28.5384615384615,1,0
30.3846153846154,1,0
32.2307692307692,1,0
34.0769230769231,1,0
35.9230769230769,1,0
37.7692307692308,1,0
39.6153846153846,1,0
41.4615384615385,1,0
43.3076923076923,1,0
45.1538461538462,1,0
47,1,0
48.8461538461538,1,0
50.6923076923077,1,14.996
52.5384615384615,1,13.172
54.3846153846154,1,11.348
56.2307692307692,1,9.29261538461538
58.0769230769231,1,8.80000000000001
59.9230769230769,1,9.43076923076923
61.7692307692308,1,7.24384615384615
63.6153846153846,1,5.89999999999999
65.4615384615385,1,3.67307692307692
67.3076923076923,1,1.63846153846154
69.1538461538462,1,0.217692307692305
71,1,0.01
72.8461538461538,1,0.01
74.6923076923077,1,0.0323076923076923
76.5384615384615,1,1.20933916083916
78.3846153846154,1,2.38637062937063
80.2307692307692,1,3.5634020979021
82.0769230769231,1,4.74043356643357
83.9230769230769,1,5.91746503496503
85.7692307692308,1,7.0944965034965
87.6153846153846,1,8.27152797202797
89.4615384615385,1,9.44855944055944
91.3076923076923,1,10.6255909090909
93.1538461538462,1,11.8026223776224
95,1,12.9796538461538
23,16.974358974359,14.1566853146853
24.8461538461538,16.974358974359,15.3337167832168
26.6923076923077,16.974358974359,16.5107482517483
28.5384615384615,16.974358974359,17.6877797202797
30.3846153846154,16.974358974359,18.8648111888112
32.2307692307692,16.974358974359,20.0418426573427
34.0769230769231,16.974358974359,21.2188741258741
35.9230769230769,16.974358974359,22.3959055944056
37.7692307692308,16.974358974359,23.5729370629371
39.6153846153846,16.974358974359,24.7499685314685
41.4615384615385,16.974358974359,25.927
43.3076923076923,16.974358974359,25.4359230769231
45.1538461538462,16.974358974359,23.6327358974359
47,16.974358974359,20.832735042735
48.8461538461538,16.974358974359,17.1327958579882
50.6923076923077,16.974358974359,15.6324408284024
52.5384615384615,16.974358974359,16.2832307692308
54.3846153846154,16.974358974359,14.4116153846154
56.2307692307692,16.974358974359,12.3106923076923
58.0769230769231,16.974358974359,10.6220512820513
59.9230769230769,16.974358974359,8.99948717948717
61.7692307692308,16.974358974359,6.25615384615385
63.6153846153846,16.974358974359,4.38179487179488
65.4615384615385,16.974358974359,3.60820512820512
67.3076923076923,16.974358974359,1.86307692307692
69.1538461538462,16.974358974359,0.605897435897433
71,16.974358974359,0.11974358974359
72.8461538461538,16.974358974359,0.0315384615384617
74.6923076923077,16.974358974359,0.01
76.5384615384615,16.974358974359,0.01
78.3846153846154,16.974358974359,0.01
80.2307692307692,16.974358974359,0.0128205128205128
82.0769230769231,16.974358974359,0.0128205128205128
83.9230769230769,16.974358974359,0.0128205128205128
85.7692307692308,16.974358974359,0.0128205128205128
87.6153846153846,16.974358974359,0.0123846153846154
89.4615384615385,16.974358974359,0.0108290598290598
91.3076923076923,16.974358974359,4.04130674264008
93.1538461538462,16.974358974359,8.07178442545109
95,16.974358974359,12.1022621082621
23,32.9487179487179,16.1327397910731
24.8461538461538,32.9487179487179,20.1632174738841
26.6923076923077,32.9487179487179,24.1936951566952
28.5384615384615,32.9487179487179,28.2241728395062
30.3846153846154,32.9487179487179,32.2546505223172
32.2307692307692,32.9487179487179,36.2851282051282
34.0769230769231,32.9487179487179,33.1651282051282
35.9230769230769,32.9487179487179,30.4974358974359
37.7692307692308,32.9487179487179,28.9282051282051
39.6153846153846,32.9487179487179,27.2051282051282
41.4615384615385,32.9487179487179,26.3883333333333
43.3076923076923,32.9487179487179,23.6835042735043
45.1538461538462,32.9487179487179,21.7215179487179
47,32.9487179487179,20.1489641025641
48.8461538461538,32.9487179487179,18.5764102564103
50.6923076923077,32.9487179487179,17.0038564102564
52.5384615384615,32.9487179487179,15.4313025641026
54.3846153846154,32.9487179487179,13.8587487179487
56.2307692307692,32.9487179487179,11.7527958579882
58.0769230769231,32.9487179487179,10.1326666666667
59.9230769230769,32.9487179487179,7.64051282051282
61.7692307692308,32.9487179487179,6.66608974358974
63.6153846153846,32.9487179487179,4.12179487179489
65.4615384615385,32.9487179487179,3.7628205128205
67.3076923076923,32.9487179487179,2.27948717948718
69.1538461538462,32.9487179487179,0.933333333333331
71,32.9487179487179,0.30948717948718
72.8461538461538,32.9487179487179,0.121794871794872
74.6923076923077,32.9487179487179,0.0274358974358974
76.5384615384615,32.9487179487179,0.0243589743589744
78.3846153846154,32.9487179487179,0.022025641025641
80.2307692307692,32.9487179487179,0.0176410256410256
82.0769230769231,32.9487179487179,0.0195555555555556
83.9230769230769,32.9487179487179,0.0183247863247863
85.7692307692308,32.9487179487179,0.0170940170940171
87.6153846153846,32.9487179487179,0.0147692307692308
89.4615384615385,32.9487179487179,0.0118018648018648
91.3076923076923,32.9487179487179,6.76083488733489
93.1538461538462,32.9487179487179,13.5098679098679
95,32.9487179487179,20.2589009324009
23,48.9230769230769,27.007933954934
24.8461538461538,48.9230769230769,33.756966977467
26.6923076923077,48.9230769230769,40.506
28.5384615384615,48.9230769230769,37.386
30.3846153846154,48.9230769230769,34.4867692307692
32.2307692307692,48.9230769230769,32.9073076923077
34.0769230769231,48.9230769230769,31.3380769230769
35.9230769230769,48.9230769230769,30.2946153846154
37.7692307692308,48.9230769230769,28.4484615384615
39.6153846153846,48.9230769230769,27.3193076923077
41.4615384615385,48.9230769230769,25.0273846153846
43.3076923076923,48.9230769230769,22.0555384615385
45.1538461538462,48.9230769230769,20.47
47,48.9230769230769,18.3810769230769
48.8461538461538,48.9230769230769,18.305
50.6923076923077,48.9230769230769,18.0752307692308
52.5384615384615,48.9230769230769,15.5855384615385
54.3846153846154,48.9230769230769,14.6944615384615
56.2307692307692,48.9230769230769,13.1878461538462
58.0769230769231,48.9230769230769,11.3246153846154
59.9230769230769,48.9230769230769,9.21261538461538
61.7692307692308,48.9230769230769,7.24923076923077
63.6153846153846,48.9230769230769,5.45815384615384
65.4615384615385,48.9230769230769,3.78584615384615
67.3076923076923,48.9230769230769,2.28030769230769
69.1538461538462,48.9230769230769,1.2856923076923
71,48.9230769230769,0.624615384615385
72.8461538461538,48.9230769230769,0.23323076923077
74.6923076923077,48.9230769230769,0.129384615384615
76.5384615384615,48.9230769230769,0.0678461538461538
78.3846153846154,48.9230769230769,0.0350769230769231
80.2307692307692,48.9230769230769,0.0172307692307692
82.0769230769231,48.9230769230769,0.0209230769230769
83.9230769230769,48.9230769230769,0.0246153846153846
85.7692307692308,48.9230769230769,0.0184615384615385
87.6153846153846,48.9230769230769,0.015020979020979
89.4615384615385,48.9230769230769,0.0128391608391608
91.3076923076923,48.9230769230769,8.62411499611499
93.1538461538462,48.9230769230769,17.2353908313908
95,48.9230769230769,25.8466666666667
23,64.8974358974359,34.4579425019425
24.8461538461538,64.8974358974359,43.0692183372183
26.6923076923077,64.8974358974359,40.362533022533
28.5384615384615,64.8974358974359,37.564
30.3846153846154,64.8974358974359,34.6647692307692
32.2307692307692,64.8974358974359,32.7817948717949
34.0769230769231,64.8974358974359,31.1241025641026
35.9230769230769,64.8974358974359,30.865641025641
37.7692307692308,64.8974358974359,29.9847179487179
39.6153846153846,64.8974358974359,26.1919743589744
41.4615384615385,64.8974358974359,24.6754358974359
43.3076923076923,64.8974358974359,21.991641025641
45.1538461538462,64.8974358974359,20.3787179487179
47,64.8974358974359,17.3861025641026
48.8461538461538,64.8974358974359,17.434358974359
50.6923076923077,64.8974358974359,18.2715897435897
52.5384615384615,64.8974358974359,15.9004615384615
54.3846153846154,64.8974358974359,14.5347179487179
56.2307692307692,64.8974358974359,12.9667179487179
58.0769230769231,64.8974358974359,11.1021538461538
59.9230769230769,64.8974358974359,9.14415384615384
61.7692307692308,64.8974358974359,7.31410256410256
63.6153846153846,64.8974358974359,5.59666666666666
65.4615384615385,64.8974358974359,4.0551282051282
67.3076923076923,64.8974358974359,2.70020512820513
69.1538461538462,64.8974358974359,1.69697435897436
71,64.8974358974359,1.02312820512821
72.8461538461538,64.8974358974359,0.502512820512821
74.6923076923077,64.8974358974359,0.248051282051282
76.5384615384615,64.8974358974359,0.150358974358974
78.3846153846154,64.8974358974359,0.0852820512820513
80.2307692307692,64.8974358974359,0.0354871794871795
82.0769230769231,64.8974358974359,0.0375384615384615
83.9230769230769,64.8974358974359,0.0264615384615384
85.7692307692308,64.8974358974359,0.0184615384615385
87.6153846153846,64.8974358974359,0.0160582750582751
89.4615384615385,64.8974358974359,0.0138764568764569
91.3076923076923,64.8974358974359,8.55836425796426
93.1538461538462,64.8974358974359,17.1028520590521
95,64.8974358974359,25.6473398601399
23,80.8717948717949,34.1918276612277
24.8461538461538,80.8717948717949,42.7363154623155
26.6923076923077,80.8717948717949,40.0296301476301
28.5384615384615,80.8717948717949,37.3229448329448
30.3846153846154,80.8717948717949,34.8847451343837
32.2307692307692,80.8717948717949,33.2745641025641
34.0769230769231,80.8717948717949,31.2191794871795
35.9230769230769,80.8717948717949,29.3951794871795
37.7692307692308,80.8717948717949,30.0934358974359
39.6153846153846,80.8717948717949,27.8174358974359
41.4615384615385,80.8717948717949,24.1066666666667
43.3076923076923,80.8717948717949,22.2028205128205
45.1538461538462,80.8717948717949,20.5782051282051
47,80.8717948717949,17.1053846153846
48.8461538461538,80.8717948717949,18.1007692307692
50.6923076923077,80.8717948717949,18.4508205128205
52.5384615384615,80.8717948717949,16.1911282051282
54.3846153846154,80.8717948717949,14.6022564102564
56.2307692307692,80.8717948717949,12.8746666666667
58.0769230769231,80.8717948717949,10.9615384615385
59.9230769230769,80.8717948717949,9.13753846153846
61.7692307692308,80.8717948717949,7.46923076923076
63.6153846153846,80.8717948717949,5.7611282051282
65.4615384615385,80.8717948717949,4.37794871794871
67.3076923076923,80.8717948717949,3.08333333333333
69.1538461538462,80.8717948717949,2.06194871794871
71,80.8717948717949,1.27989743589744
72.8461538461538,80.8717948717949,0.712564102564104
74.6923076923077,80.8717948717949,0.38025641025641
76.5384615384615,80.8717948717949,0.204871794871794
78.3846153846154,80.8717948717949,0.112974358974359
80.2307692307692,80.8717948717949,0.0527179487179487
82.0769230769231,80.8717948717949,0.0416410256410256
83.9230769230769,80.8717948717949,0.0305641025641025
85.7692307692308,80.8717948717949,0.0192773892773893
87.6153846153846,80.8717948717949,0.0170955710955711
89.4615384615385,80.8717948717949,0.0149137529137529
91.3076923076923,80.8717948717949,8.49261351981352
93.1538461538462,80.8717948717949,16.9703132867133
95,80.8717948717949,25.4480130536131
23,96.8461538461538,33.9257128205128
24.8461538461538,96.8461538461538,42.4034125874126
26.6923076923077,96.8461538461538,39.6967272727273
28.5384615384615,96.8461538461538,36.990041958042
30.3846153846154,96.8461538461538,34.7659136790811
32.2307692307692,96.8461538461538,33.1423225208526
34.0769230769231,96.8461538461538,31.6712715477294
35.9230769230769,96.8461538461538,30.2002205746061
37.7692307692308,96.8461538461538,28.7291696014829
39.6153846153846,96.8461538461538,27.2581186283596
41.4615384615385,96.8461538461538,25.7870676552363
43.3076923076923,96.8461538461538,23.9191153846154
45.1538461538462,96.8461538461538,22.1725
47,96.8461538461538,20.0834615384615
48.8461538461538,96.8461538461538,19.7976282051282
50.6923076923077,96.8461538461538,18.0203974358974
52.5384615384615,96.8461538461538,16.2431666666667
54.3846153846154,96.8461538461538,14.2827692307692
56.2307692307692,96.8461538461538,12.9215384615385
58.0769230769231,96.8461538461538,11.2065384615385
59.9230769230769,96.8461538461538,9.47984615384615
61.7692307692308,96.8461538461538,7.37365384615384
63.6153846153846,96.8461538461538,5.56061538461538
65.4615384615385,96.8461538461538,4.60615384615384
67.3076923076923,96.8461538461538,3.26019230769231
69.1538461538462,96.8461538461538,2.2521923076923
71,96.8461538461538,1.47884615384615
72.8461538461538,96.8461538461538,0.906538461538463
74.6923076923077,96.8461538461538,0.458730769230769
76.5384615384615,96.8461538461538,0.27326923076923
78.3846153846154,96.8461538461538,0.173846153846154
80.2307692307692,96.8461538461538,0.0755384615384616
82.0769230769231,96.8461538461538,0.0618076923076923
83.9230769230769,96.8461538461538,0.039653846153846
85.7692307692308,96.8461538461538,0.0217307692307692
87.6153846153846,96.8461538461538,0.0181328671328671
89.4615384615385,96.8461538461538,0.0159510489510489
91.3076923076923,96.8461538461538,8.42686278166278
93.1538461538462,96.8461538461538,16.8377745143745
95,96.8461538461538,25.2486862470862
23,112.820512820513,33.659597979798
24.8461538461538,112.820512820513,42.0705097125097
26.6923076923077,112.820512820513,39.3638243978244
28.5384615384615,112.820512820513,36.6571390831391
30.3846153846154,112.820512820513,34.7002401670727
32.2307692307692,112.820512820513,32.8709508804449
34.0769230769231,112.820512820513,31.3998999073216
35.9230769230769,112.820512820513,29.9288489341983
37.7692307692308,112.820512820513,28.4577979610751
39.6153846153846,112.820512820513,26.9867469879518
41.4615384615385,112.820512820513,25.5156960148285
43.3076923076923,112.820512820513,24.0446450417053
45.1538461538462,112.820512820513,22.573594068582
47,112.820512820513,21.0621396617567
48.8461538461538,112.820512820513,19.5036715766503
50.6923076923077,112.820512820513,17.7834102564103
52.5384615384615,112.820512820513,16.0061794871795
54.3846153846154,112.820512820513,14.2289487179487
56.2307692307692,112.820512820513,12.4705128205128
58.0769230769231,112.820512820513,11.3305128205128
59.9230769230769,112.820512820513,9.68384615384615
61.7692307692308,112.820512820513,7.20846153846153
63.6153846153846,112.820512820513,6.06164102564102
65.4615384615385,112.820512820513,4.76171794871795
67.3076923076923,112.820512820513,3.45461538461539
69.1538461538462,112.820512820513,2.48353846153846
71,112.820512820513,1.64358974358974
72.8461538461538,112.820512820513,1.01541025641026
74.6923076923077,112.820512820513,0.541282051282051
76.5384615384615,112.820512820513,0.362820512820512
78.3846153846154,112.820512820513,0.211282051282051
80.2307692307692,112.820512820513,0.0975641025641026
82.0769230769231,112.820512820513,0.0675128205128205
83.9230769230769,112.820512820513,0.0453589743589742
85.7692307692308,112.820512820513,0.0274358974358974
87.6153846153846,112.820512820513,0.0191701631701632
89.4615384615385,112.820512820513,0.016988344988345
91.3076923076923,112.820512820513,8.36111204351204
93.1538461538462,112.820512820513,16.7052357420357
95,112.820512820513,25.0493594405594
23,128.794871794872,33.3934831390831
24.8461538461538,128.794871794872,41.7376068376068
26.6923076923077,128.794871794872,39.0309215229215
28.5384615384615,128.794871794872,36.5382770623042
30.3846153846154,128.794871794872,34.6345666550644
32.2307692307692,128.794871794872,32.7308562478246
34.0769230769231,128.794871794872,31.1285282669138
35.9230769230769,128.794871794872,29.6574772937905
37.7692307692308,128.794871794872,28.1864263206673
39.6153846153846,128.794871794872,26.715375347544
41.4615384615385,128.794871794872,25.2443243744208
43.3076923076923,128.794871794872,23.7576246590289
45.1538461538462,128.794871794872,22.1991565739225
47,128.794871794872,20.6406884888161
48.8461538461538,128.794871794872,19.0822204037098
50.6923076923077,128.794871794872,17.5237523186034
52.5384615384615,128.794871794872,15.965284233497
54.3846153846154,128.794871794872,14.3145256410256
56.2307692307692,128.794871794872,12.2451923076923
58.0769230769231,128.794871794872,10.7029487179487
59.9230769230769,128.794871794872,9.71807692307692
61.7692307692308,128.794871794872,8.00451282051282
63.6153846153846,128.794871794872,6.57747435897435
65.4615384615385,128.794871794872,4.85870512820512
67.3076923076923,128.794871794872,3.72846153846154
69.1538461538462,128.794871794872,2.63371794871794
71,128.794871794872,1.74555128205128
72.8461538461538,128.794871794872,1.07816666666667
74.6923076923077,128.794871794872,0.666794871794872
76.5384615384615,128.794871794872,0.436794871794871
78.3846153846154,128.794871794872,0.259935897435897
80.2307692307692,128.794871794872,0.126089743589744
82.0769230769231,128.794871794872,0.0891666666666666
83.9230769230769,128.794871794872,0.0522435897435895
85.7692307692308,128.794871794872,0.0331410256410256
87.6153846153846,128.794871794872,0.0211410256410257
89.4615384615385,128.794871794872,0.018025641025641
91.3076923076923,128.794871794872,0.0656550116550116
93.1538461538462,128.794871794872,10.4004172494172
95,128.794871794872,20.7351794871795
23,144.769230769231,31.0699417249417
24.8461538461538,144.769230769231,41.404703962704
26.6923076923077,144.769230769231,38.6980186480186
28.5384615384615,144.769230769231,36.4726035502959
30.3846153846154,144.769230769231,34.568893143056
32.2307692307692,144.769230769231,32.6651827358162
34.0769230769231,144.769230769231,30.857156626506
35.9230769230769,144.769230769231,29.3861056533828
37.7692307692308,144.769230769231,27.9150546802595
39.6153846153846,144.769230769231,26.4440037071362
41.4615384615385,144.769230769231,24.8946415711948
43.3076923076923,144.769230769231,23.3361734860884
45.1538461538462,144.769230769231,21.777705400982
47,144.769230769231,20.2192373158756
48.8461538461538,144.769230769231,18.6607692307692
50.6923076923077,144.769230769231,17.5918461538461
52.5384615384615,144.769230769231,14.99
54.3846153846154,144.769230769231,14.3807692307692
56.2307692307692,144.769230769231,12.7346153846154
58.0769230769231,144.769230769231,10.6692307692308
59.9230769230769,144.769230769231,9.76738461538461
61.7692307692308,144.769230769231,8.35430769230769
63.6153846153846,144.769230769231,6.55061538461538
65.4615384615385,144.769230769231,5.08907692307692
67.3076923076923,144.769230769231,3.93384615384615
69.1538461538462,144.769230769231,2.78230769230769
71,144.769230769231,1.95984615384615
72.8461538461538,144.769230769231,1.28307692307692
74.6923076923077,144.769230769231,0.849230769230769
76.5384615384615,144.769230769231,0.578461538461537
78.3846153846154,144.769230769231,0.352307692307692
80.2307692307692,144.769230769231,0.187692307692308
82.0769230769231,144.769230769231,0.150769230769231
83.9230769230769,144.769230769231,0.10276923076923
85.7692307692308,144.769230769231,0.0446153846153846
87.6153846153846,144.769230769231,0.0268461538461539
89.4615384615385,144.769230769231,0.0190629370629371
91.3076923076923,144.769230769231,0.0666923076923077
93.1538461538462,144.769230769231,10.3179695027195
95,144.769230769231,20.5692466977467
23,160.74358974359,30.8205238927739
24.8461538461538,160.74358974359,41.0718010878011
26.6923076923077,160.74358974359,38.3651157731158
28.5384615384615,160.74358974359,36.4069300382875
30.3846153846154,160.74358974359,34.5032196310477
32.2307692307692,160.74358974359,32.5995092238079
34.0769230769231,160.74358974359,30.695798816568
35.9230769230769,160.74358974359,29.114734012975
37.7692307692308,160.74358974359,27.590126568467
39.6153846153846,160.74358974359,26.0316584833606
41.4615384615385,160.74358974359,24.159641025641
43.3076923076923,160.74358974359,24.4390769230769
45.1538461538462,160.74358974359,21.9421538461538
47,160.74358974359,19.0178461538462
48.8461538461538,160.74358974359,16.8728205128205
50.6923076923077,160.74358974359,17.6482051282051
52.5384615384615,160.74358974359,16.2733333333333
54.3846153846154,160.74358974359,14.7687179487179
56.2307692307692,160.74358974359,13.2425641025641
58.0769230769231,160.74358974359,11.3538461538462
59.9230769230769,160.74358974359,9.87692307692308
61.7692307692308,160.74358974359,8.26758974358974
63.6153846153846,160.74358974359,6.6005641025641
65.4615384615385,160.74358974359,5.29902564102564
67.3076923076923,160.74358974359,4.09358974358974
69.1538461538462,160.74358974359,3.06123076923077
71,160.74358974359,2.23425641025641
72.8461538461538,160.74358974359,1.53410256410257
74.6923076923077,160.74358974359,1.03179487179487
76.5384615384615,160.74358974359,0.711692307692306
78.3846153846154,160.74358974359,0.463743589743589
80.2307692307692,160.74358974359,0.265282051282051
82.0769230769231,160.74358974359,0.206820512820513
83.9230769230769,160.74358974359,0.125589743589743
85.7692307692308,160.74358974359,0.0674358974358974
87.6153846153846,160.74358974359,0.0415897435897436
89.4615384615385,160.74358974359,0.020551282051282
91.3076923076923,160.74358974359,0.0677296037296037
93.1538461538462,160.74358974359,10.2355217560218
95,160.74358974359,20.4033139083139
23,176.717948717949,30.5711060606061
24.8461538461538,176.717948717949,40.7388982128982
26.6923076923077,176.717948717949,38.244966933519
28.5384615384615,176.717948717949,36.3412565262791
30.3846153846154,176.717948717949,34.4375461190393
32.2307692307692,176.717948717949,32.5338357117995
34.0769230769231,176.717948717949,30.6302366863905
35.9230769230769,176.717948717949,29.0582209072978
37.7692307692308,176.717948717949,27.4609861932939
39.6153846153846,176.717948717949,27.9557554240631
41.4615384615385,176.717948717949,25.6107692307692
43.3076923076923,176.717948717949,22.6864615384615
45.1538461538462,176.717948717949,20.1184418145957
47,176.717948717949,18.1675936883629
48.8461538461538,176.717948717949,18.3864891518738
50.6923076923077,176.717948717949,18.5752071005917
52.5384615384615,176.717948717949,16.1518224852071
54.3846153846154,176.717948717949,14.9802564102564
56.2307692307692,176.717948717949,13.4863313609467
58.0769230769231,176.717948717949,11.7373767258383
59.9230769230769,176.717948717949,10.0019921104536
61.7692307692308,176.717948717949,8.25245364891518
63.6153846153846,176.717948717949,6.7616607495069
65.4615384615385,176.717948717949,5.4449033530572
67.3076923076923,176.717948717949,4.23477317554241
69.1538461538462,176.717948717949,3.27769625246548
71,176.717948717949,2.4250650887574
72.8461538461538,176.717948717949,1.70414201183432
74.6923076923077,176.717948717949,1.18721893491124
76.5384615384615,176.717948717949,0.833057199211044
78.3846153846154,176.717948717949,0.552189349112426
80.2307692307692,176.717948717949,0.336315581854044
82.0769230769231,176.717948717949,0.255084812623274
83.9230769230769,176.717948717949,0.173854043392504
85.7692307692308,176.717948717949,0.0953451676528599
87.6153846153846,176.717948717949,0.0694990138067062
89.4615384615385,176.717948717949,0.0436528599605522
91.3076923076923,176.717948717949,0.0687668997668997
93.1538461538462,176.717948717949,10.153074009324
95,176.717948717949,20.2373811188811
23,192.692307692308,30.3216882284382
24.8461538461538,192.692307692308,40.4059953379953
26.6923076923077,192.692307692308,38.1792934215106
28.5384615384615,192.692307692308,36.2755830142708
30.3846153846154,192.692307692308,34.371872607031
32.2307692307692,192.692307692308,32.4685798816568
34.0769230769231,192.692307692308,30.6565877712032
35.9230769230769,192.692307692308,29.6655976331361
37.7692307692308,192.692307692308,27.9553136094675
39.6153846153846,192.692307692308,28.340798816568
41.4615384615385,192.692307692308,25.8298461538461
43.3076923076923,192.692307692308,22.9055384615385
45.1538461538462,192.692307692308,20.7855029585799
47,192.692307692308,18.9698224852071
48.8461538461538,192.692307692308,18.3426035502959
50.6923076923077,192.692307692308,18.7595266272189
52.5384615384615,192.692307692308,16.3361420118343
54.3846153846154,192.692307692308,15.0030769230769
56.2307692307692,192.692307692308,13.5758579881657
58.0769230769231,192.692307692308,11.803550295858
59.9230769230769,192.692307692308,10.0634319526627
61.7692307692308,192.692307692308,8.31389349112426
63.6153846153846,192.692307692308,6.87049704142011
65.4615384615385,192.692307692308,5.56427218934911
67.3076923076923,192.692307692308,4.37520710059172
69.1538461538462,192.692307692308,3.41813017751479
71,192.692307692308,2.55145562130177
72.8461538461538,192.692307692308,1.8305325443787
74.6923076923077,192.692307692308,1.30811834319527
76.5384615384615,192.692307692308,0.952426035502957
78.3846153846154,192.692307692308,0.652248520710059
80.2307692307692,192.692307692308,0.411798816568047
82.0769230769231,192.692307692308,0.330568047337278
83.9230769230769,192.692307692308,0.238544378698224
85.7692307692308,192.692307692308,0.128698224852071
87.6153846153846,192.692307692308,0.102852071005917
89.4615384615385,192.692307692308,0.0620090497737555
91.3076923076923,192.692307692308,0.0698041958041958
93.1538461538462,192.692307692308,10.0706262626263
95,192.692307692308,20.0714483294483
23,208.666666666667,30.0722703962704
24.8461538461538,208.666666666667,40.0730924630925
26.6923076923077,208.666666666667,38.1136199095023
28.5384615384615,208.666666666667,36.2099095022624
30.3846153846154,208.666666666667,34.3069230769231
32.2307692307692,208.666666666667,21.713717948718
34.0769230769231,208.666666666667,30.5313675213675
35.9230769230769,208.666666666667,30.2729743589744
37.7692307692308,208.666666666667,28.449641025641
39.6153846153846,208.666666666667,28.5532051282051
41.4615384615385,208.666666666667,26.0489230769231
43.3076923076923,208.666666666667,23.1246153846154
45.1538461538462,208.666666666667,21.4525641025641
47,208.666666666667,19.7720512820513
48.8461538461538,208.666666666667,18.298717948718
50.6923076923077,208.666666666667,18.7371794871795
52.5384615384615,208.666666666667,16.5204615384615
54.3846153846154,208.666666666667,15.0258974358974
56.2307692307692,208.666666666667,13.6653846153846
58.0769230769231,208.666666666667,11.8930769230769
59.9230769230769,208.666666666667,10.1248717948718
61.7692307692308,208.666666666667,8.41410256410256
63.6153846153846,208.666666666667,6.97933333333333
65.4615384615385,208.666666666667,5.68364102564102
67.3076923076923,208.666666666667,4.51564102564103
69.1538461538462,208.666666666667,3.55076923076923
71,208.666666666667,2.67784615384615
72.8461538461538,208.666666666667,1.95692307692308
74.6923076923077,208.666666666667,1.42748717948718
76.5384615384615,208.666666666667,1.06615384615384
78.3846153846154,208.666666666667,0.752307692307692
80.2307692307692,208.666666666667,0.487282051282051
82.0769230769231,208.666666666667,0.406051282051282
83.9230769230769,208.666666666667,0.271897435897435
85.7692307692308,208.666666666667,0.162051282051282
87.6153846153846,208.666666666667,0.136205128205128
89.4615384615385,208.666666666667,0.0781176470588233
91.3076923076923,208.666666666667,0.0708414918414918
93.1538461538462,208.666666666667,10.0410453200646
95,208.666666666667,20.0112491482876
23,224.641025641026,29.9814529765107
24.8461538461538,224.641025641026,39.9516568047337
26.6923076923077,224.641025641026,38.0479463974939
28.5384615384615,224.641025641026,36.1452662721893
30.3846153846154,224.641025641026,15.9757462195924
32.2307692307692,224.641025641026,32.6707626561473
34.0769230769231,224.641025641026,31.0317357001972
35.9230769230769,224.641025641026,30.8803510848126
37.7692307692308,224.641025641026,28.9910880999343
39.6153846153846,224.641025641026,28.7656114398422
41.4615384615385,224.641025641026,26.268
43.3076923076923,224.641025641026,23.4644970414201
45.1538461538462,224.641025641026,22.1196252465483
47,224.641025641026,20.5742800788955
48.8461538461538,224.641025641026,18.6063445101907
50.6923076923077,224.641025641026,18.6932938856016
52.5384615384615,224.641025641026,16.7047810650888
54.3846153846154,224.641025641026,15.0487179487179
56.2307692307692,224.641025641026,13.709641025641
58.0769230769231,224.641025641026,11.9826035502959
59.9230769230769,224.641025641026,10.1863116370809
61.7692307692308,224.641025641026,8.52293885601578
63.6153846153846,224.641025641026,7.09162524654832
65.4615384615385,224.641025641026,5.80300986193294
67.3076923076923,224.641025641026,4.65607495069034
69.1538461538462,224.641025641026,3.67715976331361
71,224.641025641026,2.80423668639053
72.8461538461538,224.641025641026,2.08331360946746
74.6923076923077,224.641025641026,1.54685601577909
76.5384615384615,224.641025641026,1.16621301775148
78.3846153846154,224.641025641026,0.852366863905325
80.2307692307692,224.641025641026,0.562765285996055
82.0769230769231,224.641025641026,0.4750966469428
83.9230769230769,224.641025641026,0.305250493096646
85.7692307692308,224.641025641026,0.195404339250493
87.6153846153846,224.641025641026,0.156343891402715
89.4615384615385,224.641025641026,0.0942262443438912
91.3076923076923,224.641025641026,0.0718787878787878
93.1538461538462,224.641025641026,10.0254049140904
95,224.641025641026,19.9789310403021
23,240.615384615385,29.9324571665137
24.8461538461538,240.615384615385,39.8859832927254
26.6923076923077,240.615384615385,37.9836094674556
28.5384615384615,240.615384615385,18.9197830374753
30.3846153846154,240.615384615385,22.0229289940829
32.2307692307692,240.615384615385,32.5455424063116
34.0769230769231,240.615384615385,31.6391124260355
35.9230769230769,240.615384615385,31.4879881656805
37.7692307692308,240.615384615385,29.5987573964497
39.6153846153846,240.615384615385,28.9780177514793
41.4615384615385,240.615384615385,26.4849408284024
43.3076923076923,240.615384615385,24.1315581854043
45.1538461538462,240.615384615385,22.7866863905325
47,240.615384615385,21.3765088757396
48.8461538461538,240.615384615385,19.4079881656805
50.6923076923077,240.615384615385,18.6494082840237
52.5384615384615,240.615384615385,16.889100591716
54.3846153846154,240.615384615385,15.1020236686391
56.2307692307692,240.615384615385,13.7324615384615
58.0769230769231,240.615384615385,12.0721301775148
59.9230769230769,240.615384615385,10.2477514792899
61.7692307692308,240.615384615385,8.63177514792899
63.6153846153846,240.615384615385,7.21099408284023
65.4615384615385,240.615384615385,5.92237869822485
67.3076923076923,240.615384615385,4.79650887573965
69.1538461538462,240.615384615385,3.80355029585798
71,240.615384615385,2.93062721893491
72.8461538461538,240.615384615385,2.20970414201184
74.6923076923077,240.615384615385,1.66622485207101
76.5384615384615,240.615384615385,1.26627218934911
78.3846153846154,240.615384615385,0.932710059171597
80.2307692307692,240.615384615385,0.638248520710059
82.0769230769231,240.615384615385,0.508449704142012
83.9230769230769,240.615384615385,0.338603550295857
85.7692307692308,240.615384615385,0.228757396449704
87.6153846153846,240.615384615385,0.172452488687783
89.4615384615385,240.615384615385,0.110334841628959
91.3076923076923,240.615384615385,0.0817556561085973
93.1538461538462,240.615384615385,10.0168049077619
95,240.615384615385,19.9518541594152
23,256.589743589744,29.8869034110686
24.8461538461538,256.589743589744,39.8219526627219
26.6923076923077,256.589743589744,21.8638198553583
28.5384615384615,256.589743589744,5.96368836291916
30.3846153846154,256.589743589744,34.6849375410914
32.2307692307692,256.589743589744,32.420322156476
34.0769230769231,256.589743589744,32.2464891518738
35.9230769230769,256.589743589744,32.0956574621959
37.7692307692308,256.589743589744,30.2064266929651
39.6153846153846,256.589743589744,29.1904240631164
41.4615384615385,256.589743589744,26.6973471400394
43.3076923076923,256.589743589744,24.7986193293886
45.1538461538462,256.589743589744,23.4537475345168
47,256.589743589744,22.1787376725838
48.8461538461538,256.589743589744,20.2096318211703
50.6923076923077,256.589743589744,18.6055226824458
52.5384615384615,256.589743589744,17.0734201183432
54.3846153846154,256.589743589744,15.2863431952663
56.2307692307692,256.589743589744,13.755282051282
58.0769230769231,256.589743589744,12.1616568047337
59.9230769230769,256.589743589744,10.309191321499
61.7692307692308,256.589743589744,8.74061143984221
63.6153846153846,256.589743589744,7.33036291913215
65.4615384615385,256.589743589744,6.05940433925049
67.3076923076923,256.589743589744,4.93694280078896
69.1538461538462,256.589743589744,3.92994082840236
71,256.589743589744,3.05701775147929
72.8461538461538,256.589743589744,2.33205522682446
74.6923076923077,256.589743589744,1.78559368836292
76.5384615384615,256.589743589744,1.36633136094674
78.3846153846154,256.589743589744,1.0081932938856
80.2307692307692,256.589743589744,0.711648915187377
82.0769230769231,256.589743589744,0.541802761341223
83.9230769230769,256.589743589744,0.371956607495068
85.7692307692308,256.589743589744,0.250678733031674
87.6153846153846,256.589743589744,0.188561085972851
89.4615384615385,256.589743589744,0.126443438914027
91.3076923076923,256.589743589744,0.0978642533936652
93.1538461538462,256.589743589744,10.0852709564309
95,256.589743589744,20.0726776594681
23,272.564102564103,30.0600843625053
24.8461538461538,272.564102564103,40.0474910655425
26.6923076923077,272.564102564103,38.4528788036501
28.5384615384615,272.564102564103,36.8582665417578
30.3846153846154,272.564102564103,35.2636542798654
32.2307692307692,272.564102564103,33.669042017973
34.0769230769231,272.564102564103,32.0744297560806
35.9230769230769,272.564102564103,30.4798174941883
37.7692307692308,272.564102564103,28.8852052322959
39.6153846153846,272.564102564103,27.2884615384615
41.4615384615385,272.564102564103,16.168803418803
43.3076923076923,272.564102564103,20.9719230769235
45.1538461538462,272.564102564103,21.6785897435898
47,272.564102564103,21.7934188034188
48.8461538461538,272.564102564103,20.38
50.6923076923077,272.564102564103,18.1346153846154
52.5384615384615,272.564102564103,16.8278846153846
54.3846153846154,272.564102564103,14.9741452991453
56.2307692307692,272.564102564103,13.4084871794872
58.0769230769231,272.564102564103,11.7714102564103
59.9230769230769,272.564102564103,10.0355641025641
61.7692307692308,272.564102564103,8.55820512820513
63.6153846153846,272.564102564103,7.41358974358974
65.4615384615385,272.564102564103,6.14771794871795
67.3076923076923,272.564102564103,5.12564102564103
69.1538461538462,272.564102564103,4.13641025641025
71,272.564102564103,3.26348717948718
72.8461538461538,272.564102564103,2.62228205128205
74.6923076923077,272.564102564103,2.02371794871795
76.5384615384615,272.564102564103,1.57807692307692
78.3846153846154,272.564102564103,1.14976923076923
80.2307692307692,272.564102564103,0.830948717948718
82.0769230769231,272.564102564103,0.661102564102564
83.9230769230769,272.564102564103,0.449256410256409
85.7692307692308,272.564102564103,0.279102564102564
87.6153846153846,272.564102564103,0.204669683257919
89.4615384615385,272.564102564103,0.142552036199095
91.3076923076923,272.564102564103,0.113972850678733
93.1538461538462,272.564102564103,0.143130536130536
95,272.564102564103,13.4158087894664
23,288.538461538462,26.6884870428023
24.8461538461538,288.538461538462,39.9611652961382
26.6923076923077,288.538461538462,38.3665530342459
28.5384615384615,288.538461538462,36.7719407723535
30.3846153846154,288.538461538462,35.1773285104611
32.2307692307692,288.538461538462,33.5827162485688
34.0769230769231,288.538461538462,31.9881039866764
35.9230769230769,288.538461538462,30.393491724784
37.7692307692308,288.538461538462,28.7988794628916
39.6153846153846,288.538461538462,27.2042672009993
41.4615384615385,288.538461538462,25.6096549391069
43.3076923076923,288.538461538462,24.0150426772145
45.1538461538462,288.538461538462,22.4204304153222
47,288.538461538462,20.8258181534298
48.8461538461538,288.538461538462,19.2312058915374
50.6923076923077,288.538461538462,17.6365936296451
52.5384615384615,288.538461538462,16.0419813677527
54.3846153846154,288.538461538462,14.4473691058603
56.2307692307692,288.538461538462,12.8527568439679
58.0769230769231,288.538461538462,11.2581445820756
59.9230769230769,288.538461538462,9.66552036199095
61.7692307692308,288.538461538462,8.50805429864253
63.6153846153846,288.538461538462,7.36343891402715
65.4615384615385,288.538461538462,6.27529411764706
67.3076923076923,288.538461538462,5.35221719457014
69.1538461538462,288.538461538462,4.36235294117647
71,288.538461538462,3.5652036199095
72.8461538461538,288.538461538462,2.92868778280543
74.6923076923077,288.538461538462,2.26407239819005
76.5384615384615,288.538461538462,1.79565610859728
78.3846153846154,288.538461538462,1.36734841628959
80.2307692307692,288.538461538462,0.962995475113123
82.0769230769231,288.538461538462,0.726687782805429
83.9230769230769,288.538461538462,0.490380090497736
85.7692307692308,288.538461538462,0.319864253393665
87.6153846153846,288.538461538462,0.242325791855204
89.4615384615385,288.538461538462,0.164787330316742
91.3076923076923,288.538461538462,0.130081447963801
93.1538461538462,288.538461538462,0.144167832167832
95,288.538461538462,13.4096218267803
23,304.51282051282,26.6750758213928
24.8461538461538,304.51282051282,39.9405298160053
26.6923076923077,304.51282051282,38.2802272648416
28.5384615384615,304.51282051282,36.6856150029492
30.3846153846154,304.51282051282,35.0910027410569
32.2307692307692,304.51282051282,33.4963904791645
34.0769230769231,304.51282051282,31.9017782172721
35.9230769230769,304.51282051282,30.3071659553798
37.7692307692308,304.51282051282,28.7125536934874
39.6153846153846,304.51282051282,27.117941431595
41.4615384615385,304.51282051282,25.5233291697026
43.3076923076923,304.51282051282,23.9287169078103
45.1538461538462,304.51282051282,22.3341046459179
47,304.51282051282,20.7394923840255
48.8461538461538,304.51282051282,19.1448801221332
50.6923076923077,304.51282051282,17.5502678602408
52.5384615384615,304.51282051282,15.9556555983484
54.3846153846154,304.51282051282,14.3610433364561
56.2307692307692,304.51282051282,12.7710950226244
58.0769230769231,304.51282051282,11.3544494720965
59.9230769230769,304.51282051282,9.8784012066365
61.7692307692308,304.51282051282,8.65571644042232
63.6153846153846,304.51282051282,7.51110105580693
65.4615384615385,304.51282051282,6.45517345399698
67.3076923076923,304.51282051282,5.52343891402715
69.1538461538462,304.51282051282,4.52343891402715
71,304.51282051282,3.71957767722474
72.8461538461538,304.51282051282,3.02668174962293
74.6923076923077,304.51282051282,2.36128205128205
76.5384615384615,304.51282051282,1.87217194570136
78.3846153846154,304.51282051282,1.44386425339366
80.2307692307692,304.51282051282,1.03816892911011
82.0769230769231,304.51282051282,0.801861236802413
83.9230769230769,304.51282051282,0.56555354449472
85.7692307692308,304.51282051282,0.384298642533936
87.6153846153846,304.51282051282,0.306760180995475
89.4615384615385,304.51282051282,0.223318250377073
91.3076923076923,304.51282051282,0.146190045248869
93.1538461538462,304.51282051282,0.145205128205128
95,304.51282051282,13.4034737801424
23,320.48717948718,26.6617424320796
24.8461538461538,320.48717948718,39.9200110840168
26.6923076923077,320.48717948718,38.2077166925294
28.5384615384615,320.48717948718,36.599289233545
30.3846153846154,320.48717948718,35.0046769716526
32.2307692307692,320.48717948718,33.4100647097602
34.0769230769231,320.48717948718,31.8154524478679
35.9230769230769,320.48717948718,30.2208401859755
37.7692307692308,320.48717948718,28.6262279240831
39.6153846153846,320.48717948718,27.0316156621908
41.4615384615385,320.48717948718,25.4370034002984
43.3076923076923,320.48717948718,23.842391138406
45.1538461538462,320.48717948718,22.2477788765137
47,320.48717948718,20.6531666146213
48.8461538461538,320.48717948718,19.0585543527289
50.6923076923077,320.48717948718,17.4639420908365
52.5384615384615,320.48717948718,15.8739185520362
54.3846153846154,320.48717948718,14.2916259426848
56.2307692307692,320.48717948718,13.0198491704374
58.0769230769231,320.48717948718,11.451568627451
59.9230769230769,320.48717948718,10.1253996983409
61.7692307692308,320.48717948718,8.80337858220211
63.6153846153846,320.48717948718,7.65876319758672
65.4615384615385,320.48717948718,6.63505279034691
67.3076923076923,320.48717948718,5.68452488687783
69.1538461538462,320.48717948718,4.68452488687782
71,320.48717948718,3.87395173453997
72.8461538461538,320.48717948718,3.12467571644043
74.6923076923077,320.48717948718,2.4525641025641
76.5384615384615,320.48717948718,1.94868778280543
78.3846153846154,320.48717948718,1.52038009049774
80.2307692307692,320.48717948718,1.11334238310709
82.0769230769231,320.48717948718,0.877034690799396
83.9230769230769,320.48717948718,0.636117647058822
85.7692307692308,320.48717948718,0.448733031674208
87.6153846153846,320.48717948718,0.371194570135747
89.4615384615385,320.48717948718,0.262247360482654
91.3076923076923,320.48717948718,0.164247360482655
93.1538461538462,320.48717948718,0.147529411764706
95,320.48717948718,13.3981837251859
23,336.461538461538,26.6488380386071
24.8461538461538,336.461538461538,39.8994923520284
26.6923076923077,336.461538461538,38.1871979605409
28.5384615384615,336.461538461538,36.5129634641407
30.3846153846154,336.461538461538,34.9183512022484
32.2307692307692,336.461538461538,33.323738940356
34.0769230769231,336.461538461538,31.7291266784636
35.9230769230769,336.461538461538,30.1345144165712
37.7692307692308,336.461538461538,28.5399021546789
39.6153846153846,336.461538461538,26.9452898927865
41.4615384615385,336.461538461538,25.3506776308941
43.3076923076923,336.461538461538,23.7560653690018
45.1538461538462,336.461538461538,22.1614531071094
47,336.461538461538,20.566840845217
48.8461538461538,336.461538461538,18.976742081448
50.6923076923077,336.461538461538,17.0981900452489
52.5384615384615,336.461538461538,15.7798009049774
54.3846153846154,336.461538461538,14.6852488687783
56.2307692307692,336.461538461538,13.3454117647059
58.0769230769231,336.461538461538,11.3642533936652
59.9230769230769,336.461538461538,10.3723981900452
61.7692307692308,336.461538461538,8.9510407239819
63.6153846153846,336.461538461538,7.80642533936651
65.4615384615385,336.461538461538,6.81493212669683
67.3076923076923,336.461538461538,5.84561085972851
69.1538461538462,336.461538461538,4.84217194570135
71,336.461538461538,4.0283257918552
72.8461538461538,336.461538461538,3.22266968325792
74.6923076923077,336.461538461538,2.54384615384615
76.5384615384615,336.461538461538,2.0252036199095
78.3846153846154,336.461538461538,1.59689592760181
80.2307692307692,336.461538461538,1.18851583710407
82.0769230769231,336.461538461538,0.952208144796379
83.9230769230769,336.461538461538,0.700552036199093
85.7692307692308,336.461538461538,0.513167420814479
87.6153846153846,336.461538461538,0.435628959276018
89.4615384615385,336.461538461538,0.301176470588235
91.3076923076923,336.461538461538,0.203176470588235
93.1538461538462,336.461538461538,0.163638009049774
95,336.461538461538,13.4020832127131
23,352.435897435897,26.6405284163765
24.8461538461538,352.435897435897,39.8789736200399
26.6923076923077,352.435897435897,38.1666792285524
28.5384615384615,352.435897435897,36.454384837065
30.3846153846154,352.435897435897,34.8320254328441
32.2307692307692,352.435897435897,33.2374131709517
34.0769230769231,352.435897435897,31.6428009090594
35.9230769230769,352.435897435897,30.048188647167
37.7692307692308,352.435897435897,28.4535763852746
39.6153846153846,352.435897435897,26.8589641233823
41.4615384615385,352.435897435897,25.2643518614899
43.3076923076923,352.435897435897,23.6697395995975
45.1538461538462,352.435897435897,22.0795656108597
47,352.435897435897,20.3812971342383
48.8461538461538,352.435897435897,18.9118853695324
50.6923076923077,352.435897435897,17.4036802413273
52.5384615384615,352.435897435897,16.3506485671192
54.3846153846154,352.435897435897,14.9872971342383
56.2307692307692,352.435897435897,13.2232549019608
58.0769230769231,352.435897435897,11.4488235294118
59.9230769230769,352.435897435897,10.6193966817496
61.7692307692308,352.435897435897,9.09870286576169
63.6153846153846,352.435897435897,7.9540874811463
65.4615384615385,352.435897435897,6.99481146304676
67.3076923076923,352.435897435897,6.00669683257919
69.1538461538462,352.435897435897,4.99654600301659
71,352.435897435897,4.18269984917044
72.8461538461538,352.435897435897,3.32066365007542
74.6923076923077,352.435897435897,2.63512820512821
76.5384615384615,352.435897435897,2.10171945701357
78.3846153846154,352.435897435897,1.67341176470588
80.2307692307692,352.435897435897,1.26368929110106
82.0769230769231,352.435897435897,1.02738159879336
83.9230769230769,352.435897435897,0.764986425339365
85.7692307692308,352.435897435897,0.577601809954751
87.6153846153846,352.435897435897,0.487797888386124
89.4615384615385,352.435897435897,0.340105580693816
91.3076923076923,352.435897435897,0.242105580693816
93.1538461538462,352.435897435897,0.179746606334842
95,352.435897435897,9.67135007889212
23,368.410256410256,19.1629535514494
24.8461538461538,368.410256410256,28.6545570240067
26.6923076923077,368.410256410256,38.146160496564
28.5384615384615,368.410256410256,36.4338661050765
30.3846153846154,368.410256410256,34.7456996634399
32.2307692307692,368.410256410256,33.1510874015475
34.0769230769231,368.410256410256,31.5564751396551
35.9230769230769,368.410256410256,29.9618628777627
37.7692307692308,368.410256410256,28.3672506158704
39.6153846153846,368.410256410256,26.772638353978
41.4615384615385,368.410256410256,25.1823891402715
43.3076923076923,368.410256410256,23.6644042232278
45.1538461538462,368.410256410256,21.5875535444947
47,368.410256410256,20.5129049773756
48.8461538461538,368.410256410256,19.5043740573152
50.6923076923077,368.410256410256,18.01604826546
52.5384615384615,368.410256410256,16.2484042232278
54.3846153846154,368.410256410256,15.1170980392157
56.2307692307692,368.410256410256,13.1010980392157
58.0769230769231,368.410256410256,11.5333936651584
59.9230769230769,368.410256410256,10.866395173454
61.7692307692308,368.410256410256,9.24636500754148
63.6153846153846,368.410256410256,8.13099849170437
65.4615384615385,368.410256410256,7.17469079939668
67.3076923076923,368.410256410256,6.16778280542986
69.1538461538462,368.410256410256,5.15092006033182
71,368.410256410256,4.3052730015083
72.8461538461538,368.410256410256,3.41865761689291
74.6923076923077,368.410256410256,2.72641025641026
76.5384615384615,368.410256410256,2.18487179487179
78.3846153846154,368.410256410256,1.74963197586727
80.2307692307692,368.410256410256,1.33886274509804
82.0769230769231,368.410256410256,1.09526696832579
83.9230769230769,368.410256410256,0.829420814479636
85.7692307692308,368.410256410256,0.642036199095022
87.6153846153846,368.410256410256,0.526726998491705
89.4615384615385,368.410256410256,0.379034690799396
91.3076923076923,368.410256410256,0.281034690799397
93.1538461538462,368.410256410256,0.203496229260935
95,368.410256410256,9.68403261308957
23,384.384615384615,19.1645689969182
24.8461538461538,384.384615384615,28.6451053807468
26.6923076923077,384.384615384615,38.1256417645755
28.5384615384615,384.384615384615,36.413347373088
30.3846153846154,384.384615384615,34.7010529816005
32.2307692307692,384.384615384615,33.0647616321432
34.0769230769231,384.384615384615,31.4701493702509
35.9230769230769,384.384615384615,29.8755371083585
37.7692307692308,384.384615384615,28.2852126696833
39.6153846153846,384.384615384615,26.8747511312217
41.4615384615385,384.384615384615,24.5475113122172
43.3076923076923,384.384615384615,23.5321447963801
45.1538461538462,384.384615384615,21.8973031674208
47,384.384615384615,21.6050678733032
48.8461538461538,384.384615384615,19.6814479638009
50.6923076923077,384.384615384615,17.5095113122172
52.5384615384615,384.384615384615,17.0109411764706
54.3846153846154,384.384615384615,14.9949411764706
56.2307692307692,384.384615384615,13.0653484162896
58.0769230769231,384.384615384615,11.6672398190045
59.9230769230769,384.384615384615,11.1133936651584
61.7692307692308,384.384615384615,9.46970135746606
63.6153846153846,384.384615384615,8.3108778280543
65.4615384615385,384.384615384615,7.3545701357466
67.3076923076923,384.384615384615,6.32886877828054
69.1538461538462,384.384615384615,5.30529411764705
71,384.384615384615,4.40326696832579
72.8461538461538,384.384615384615,3.51665158371041
74.6923076923077,384.384615384615,2.81769230769231
76.5384615384615,384.384615384615,2.27615384615384
78.3846153846154,384.384615384615,1.82480542986425
80.2307692307692,384.384615384615,1.41403619909502
82.0769230769231,384.384615384615,1.15970135746606
83.9230769230769,384.384615384615,0.893855203619908
85.7692307692308,384.384615384615,0.706470588235294
87.6153846153846,384.384615384615,0.565656108597285
89.4615384615385,384.384615384615,0.417963800904977
91.3076923076923,384.384615384615,0.319963800904977
93.1538461538462,384.384615384615,0.242425339366516
95,384.384615384615,9.70809976267164
23,400.358974358974,19.1737741859768
24.8461538461538,400.358974358974,28.6394486092819
26.6923076923077,400.358974358974,38.105123032587
28.5384615384615,400.358974358974,36.3928286410995
30.3846153846154,400.358974358974,34.6805342496121
32.2307692307692,400.358974358974,32.978435862739
34.0769230769231,400.358974358974,31.388036199095
35.9230769230769,400.358974358974,29.9775746606335
37.7692307692308,400.358974358974,27.8306184012067
39.6153846153846,400.358974358974,26.2078129713424
41.4615384615385,400.358974358974,25.2460090497737
43.3076923076923,400.358974358974,23.2817013574661
45.1538461538462,400.358974358974,23.7057616892911
47,400.358974358974,21.3468476621418
48.8461538461538,400.358974358974,18.7706184012066
50.6923076923077,400.358974358974,18.9047843137255
52.5384615384615,400.358974358974,16.8887843137255
54.3846153846154,400.358974358974,14.8727843137255
56.2307692307692,400.358974358974,13.1499185520362
58.0769230769231,400.358974358974,11.9142383107089
59.9230769230769,400.358974358974,11.3603921568627
61.7692307692308,400.358974358974,9.71669984917043
63.6153846153846,400.358974358974,8.49075716440422
65.4615384615385,400.358974358974,7.51641628959276
67.3076923076923,400.358974358974,6.48995475113122
69.1538461538462,400.358974358974,5.45966817496229
71,400.358974358974,4.50126093514329
72.8461538461538,400.358974358974,3.61051282051282
74.6923076923077,400.358974358974,2.90897435897436
76.5384615384615,400.358974358974,2.3674358974359
78.3846153846154,400.358974358974,1.89997888386124
80.2307692307692,400.358974358974,1.48920965309201
82.0769230769231,400.358974358974,1.22413574660633
83.9230769230769,400.358974358974,0.958289592760179
85.7692307692308,400.358974358974,0.752277526395173
87.6153846153846,400.358974358974,0.604585218702866
89.4615384615385,400.358974358974,0.456892911010558
91.3076923076923,400.358974358974,0.358892911010558
93.1538461538462,400.358974358974,0.281354449472096
95,400.358974358974,9.7321669122537
23,416.333333333333,19.1829793750353
24.8461538461538,416.333333333333,28.6337918378169
26.6923076923077,416.333333333333,38.0846043005985
28.5384615384615,416.333333333333,36.3723099091111
30.3846153846154,416.333333333333,34.6600155176236
32.2307692307692,416.333333333333,32.9477211261361
34.0769230769231,416.333333333333,31.4815748552523
35.9230769230769,416.333333333333,29.6086021505376
37.7692307692308,416.333333333333,27.5268254755997
39.6153846153846,416.333333333333,26.7957485525227
41.4615384615385,416.333333333333,25.1447080231596
43.3076923076923,416.333333333333,24.2015219189413
45.1538461538462,416.333333333333,24.5917287014061
47,416.333333333333,20.4563440860215
48.8461538461538,416.333333333333,19.4525971877585
50.6923076923077,416.333333333333,18.9073333333333
52.5384615384615,416.333333333333,16.8913333333333
54.3846153846154,416.333333333333,14.8753333333333
56.2307692307692,416.333333333333,13.2779801488834
58.0769230769231,416.333333333333,12.0539123242349
59.9230769230769,416.333333333333,11.5000661703887
61.7692307692308,416.333333333333,9.85637386269644
63.6153846153846,416.333333333333,8.6257535153019
65.4615384615385,416.333333333333,7.63327708850289
67.3076923076923,416.333333333333,6.60681555004136
69.1538461538462,416.333333333333,5.57287841191067
71,416.333333333333,4.60651612903226
72.8461538461538,416.333333333333,3.71727874276262
74.6923076923077,416.333333333333,3.01574028122415
76.5384615384615,416.333333333333,2.47076095947063
78.3846153846154,416.333333333333,1.9940264681555
80.2307692307692,416.333333333333,1.57655417700579
82.0769230769231,416.333333333333,1.31070802315964
83.9230769230769,416.333333333333,1.04486186931348
85.7692307692308,416.333333333333,0.811902398676592
87.6153846153846,416.333333333333,0.664210090984285
89.4615384615385,416.333333333333,0.516517783291976
91.3076923076923,416.333333333333,0.404754342431762
93.1538461538462,416.333333333333,0.3272158808933
95,416.333333333333,0.241075268817204
23,432.307692307692,12.8487453687482
24.8461538461538,432.307692307692,25.4564154686791
26.6923076923077,432.307692307692,38.0640855686101
28.5384615384615,432.307692307692,36.3517911771226
30.3846153846154,432.307692307692,34.6394967856351
32.2307692307692,432.307692307692,32.9278163771712
34.0769230769231,432.307692307692,31.4410868486352
35.9230769230769,432.307692307692,29.6233250620347
37.7692307692308,432.307692307692,27.654094292804
39.6153846153846,432.307692307692,26.9385607940447
41.4615384615385,432.307692307692,25.3839553349876
43.3076923076923,432.307692307692,24.2199255583127
45.1538461538462,432.307692307692,24.6642332506203
47,432.307692307692,20.6897022332506
48.8461538461538,432.307692307692,19.5070719602978
50.6923076923077,432.307692307692,18.9986153846154
52.5384615384615,432.307692307692,16.9826153846154
54.3846153846154,432.307692307692,14.9666153846154
56.2307692307692,432.307692307692,13.4369875930521
58.0769230769231,432.307692307692,12.1172208436725
59.9230769230769,432.307692307692,11.5633746898263
61.7692307692308,432.307692307692,9.91968238213399
63.6153846153846,432.307692307692,8.72881389578164
65.4615384615385,432.307692307692,7.7186699751861
67.3076923076923,432.307692307692,6.69141439205955
69.1538461538462,432.307692307692,5.65679900744416
71,432.307692307692,4.71693796526054
72.8461538461538,432.307692307692,3.83506203473946
74.6923076923077,432.307692307692,3.13352357320099
76.5384615384615,432.307692307692,2.58265508684863
78.3846153846154,432.307692307692,2.10150372208437
80.2307692307692,432.307692307692,1.67887841191067
82.0769230769231,432.307692307692,1.41303225806452
83.9230769230769,432.307692307692,1.14718610421836
85.7692307692308,432.307692307692,0.886253101736972
87.6153846153846,432.307692307692,0.738560794044665
89.4615384615385,432.307692307692,0.588009925558312
91.3076923076923,432.307692307692,0.455548387096774
93.1538461538462,432.307692307692,0.378009925558312
95,432.307692307692,0.277146401985112
23,448.282051282051,12.8659532135306
24.8461538461538,448.282051282051,25.4547600250761
26.6923076923077,448.282051282051,38.0435668366216
28.5384615384615,448.282051282051,36.3312724451341
30.3846153846154,448.282051282051,34.6189780536466
32.2307692307692,448.282051282051,32.9123573200993
34.0769230769231,448.282051282051,31.4005988420182
35.9230769230769,448.282051282051,29.6380479735319
37.7692307692308,448.282051282051,27.6688172043011
39.6153846153846,448.282051282051,27.0813730355666
41.4615384615385,448.282051282051,25.6232026468155
43.3076923076923,448.282051282051,24.238329197684
45.1538461538462,448.282051282051,24.6826368899917
47,448.282051282051,20.9230603804797
48.8461538461538,448.282051282051,19.5615467328371
50.6923076923077,448.282051282051,19.0898974358974
52.5384615384615,448.282051282051,17.0738974358974
54.3846153846154,448.282051282051,15.0578974358974
56.2307692307692,448.282051282051,13.5959950372208
58.0769230769231,448.282051282051,12.18052936311
59.9230769230769,448.282051282051,11.6266832092639
61.7692307692308,448.282051282051,9.98299090157154
63.6153846153846,448.282051282051,8.83187427626137
65.4615384615385,448.282051282051,7.80406286186931
67.3076923076923,448.282051282051,6.77533498759305
69.1538461538462,448.282051282051,5.74071960297766
71,448.282051282051,4.82735980148883
72.8461538461538,448.282051282051,3.9528453267163
74.6923076923077,448.282051282051,3.24593382961125
76.5384615384615,448.282051282051,2.69454921422663
78.3846153846154,448.282051282051,2.20898097601323
80.2307692307692,448.282051282051,1.78120264681555
82.0769230769231,448.282051282051,1.5153564929694
83.9230769230769,448.282051282051,1.24951033912324
85.7692307692308,448.282051282051,0.960603804797353
87.6153846153846,448.282051282051,0.812911497105046
89.4615384615385,448.282051282051,0.638803970223324
91.3076923076923,448.282051282051,0.506342431761787
93.1538461538462,448.282051282051,0.428803970223325
95,448.282051282051,0.313217535153019
23,464.25641025641,9.31260157965117
24.8461538461538,464.25641025641,18.3119856241493
26.6923076923077,464.25641025641,27.3113696686475
28.5384615384615,464.25641025641,36.3107537131456
30.3846153846154,464.25641025641,34.5984593216582
32.2307692307692,464.25641025641,32.8968982630273
34.0769230769231,464.25641025641,31.3601108354012
35.9230769230769,464.25641025641,29.652770885029
37.7692307692308,464.25641025641,27.6835401157982
39.6153846153846,464.25641025641,27.2241852770885
41.4615384615385,464.25641025641,25.8624499586435
43.3076923076923,464.25641025641,24.2567328370554
45.1538461538462,464.25641025641,24.7010405293631
47,464.25641025641,21.1564185277089
48.8461538461538,464.25641025641,19.6160215053763
50.6923076923077,464.25641025641,19.1811794871795
52.5384615384615,464.25641025641,17.1651794871795
54.3846153846154,464.25641025641,15.1652870140612
56.2307692307692,464.25641025641,13.7550024813896
58.0769230769231,464.25641025641,12.2868486352357
59.9230769230769,464.25641025641,11.6899917287014
61.7692307692308,464.25641025641,10.0462994210091
63.6153846153846,464.25641025641,8.93493465674111
65.4615384615385,464.25641025641,7.88945574855252
67.3076923076923,464.25641025641,6.85925558312655
69.1538461538462,464.25641025641,5.82464019851116
71,464.25641025641,4.93778163771712
72.8461538461538,464.25641025641,4.07062861869314
74.6923076923077,464.25641025641,3.35782795698925
76.5384615384615,464.25641025641,2.80644334160463
78.3846153846154,464.25641025641,2.3164582299421
80.2307692307692,464.25641025641,1.88352688172043
82.0769230769231,464.25641025641,1.61768072787428
83.9230769230769,464.25641025641,1.33341604631927
85.7692307692308,464.25641025641,1.03495450785773
87.6153846153846,464.25641025641,0.887262200165426
89.4615384615385,464.25641025641,0.689598014888337
91.3076923076923,464.25641025641,0.557136476426799
93.1538461538462,464.25641025641,0.479598014888337
95,464.25641025641,0.349288668320926
23,480.230769230769,9.33452524652999
24.8461538461538,480.230769230769,18.3197618247391
26.6923076923077,480.230769230769,27.3049984029481
28.5384615384615,480.230769230769,36.2902349811572
30.3846153846154,480.230769230769,34.5779405896697
32.2307692307692,480.230769230769,32.8814392059553
34.0769230769231,480.230769230769,31.3196228287841
35.9230769230769,480.230769230769,29.6674937965261
37.7692307692308,480.230769230769,27.6982630272953
39.6153846153846,480.230769230769,27.3669975186104
41.4615384615385,480.230769230769,26.1016972704715
43.3076923076923,480.230769230769,24.3183126550868
45.1538461538462,480.230769230769,24.7194441687345
47,480.230769230769,21.389776674938
48.8461538461538,480.230769230769,19.6704962779156
50.6923076923077,480.230769230769,19.2421885856079
52.5384615384615,480.230769230769,17.2564615384615
54.3846153846154,480.230769230769,15.3235583126551
56.2307692307692,480.230769230769,13.9140099255583
58.0769230769231,480.230769230769,12.4458560794045
59.9230769230769,480.230769230769,11.753300248139
61.7692307692308,480.230769230769,10.1339950372208
63.6153846153846,480.230769230769,9.03799503722084
65.4615384615385,480.230769230769,7.97484863523573
67.3076923076923,480.230769230769,6.94317617866005
69.1538461538462,480.230769230769,5.90856079404466
71,480.230769230769,5.04820347394541
72.8461538461538,480.230769230769,4.18841191066998
74.6923076923077,480.230769230769,3.46972208436724
76.5384615384615,480.230769230769,2.91833746898263
78.3846153846154,480.230769230769,2.42393548387097
80.2307692307692,480.230769230769,1.98585111662531
82.0769230769231,480.230769230769,1.72000496277916
83.9230769230769,480.230769230769,1.40776674937965
85.7692307692308,480.230769230769,1.10930521091811
87.6153846153846,480.230769230769,0.961612903225807
89.4615384615385,480.230769230769,0.740392059553349
91.3076923076923,480.230769230769,0.607930521091811
93.1538461538462,480.230769230769,0.53039205955335
95,480.230769230769,0.385359801488834
23,496.205128205128,9.3564489134088
24.8461538461538,496.205128205128,18.3275380253288
26.6923076923077,496.205128205128,27.2986271372487
28.5384615384615,496.205128205128,36.2697162491687
30.3846153846154,496.205128205128,34.5574218576812
32.2307692307692,496.205128205128,32.8659801488834
34.0769230769231,496.205128205128,31.2791348221671
35.9230769230769,496.205128205128,29.6508271298594
37.7692307692308,496.205128205128,27.7129859387924
39.6153846153846,496.205128205128,27.5098097601323
41.4615384615385,496.205128205128,26.3409445822994
43.3076923076923,496.205128205128,24.5575599669148
45.1538461538462,496.205128205128,24.7378478081059
47,496.205128205128,21.6231348221671
48.8461538461538,496.205128205128,19.7249710504549
50.6923076923077,496.205128205128,19.2966633581472
52.5384615384615,496.205128205128,17.3477435897436
54.3846153846154,496.205128205128,15.481829611249
56.2307692307692,496.205128205128,14.073017369727
58.0769230769231,496.205128205128,12.6048635235732
59.9230769230769,496.205128205128,11.8166087675765
61.7692307692308,496.205128205128,10.2370554177006
63.6153846153846,496.205128205128,9.14105541770058
65.4615384615385,496.205128205128,8.06024152191894
67.3076923076923,496.205128205128,7.02709677419355
69.1538461538462,496.205128205128,6.01862531017369
71,496.205128205128,5.1586253101737
72.8461538461538,496.205128205128,4.30619520264682
74.6923076923077,496.205128205128,3.58161621174524
76.5384615384615,496.205128205128,3.0286435070306
78.3846153846154,496.205128205128,2.53141273779983
80.2307692307692,496.205128205128,2.08817535153019
82.0769230769231,496.205128205128,1.82232919768404
83.9230769230769,496.205128205128,1.48211745244003
85.7692307692308,496.205128205128,1.18365591397849
87.6153846153846,496.205128205128,1.03596360628619
89.4615384615385,496.205128205128,0.791186104218361
91.3076923076923,496.205128205128,0.658724565756824
93.1538461538462,496.205128205128,0.572815550041356
95,496.205128205128,0.421430934656741
23,512.179487179487,9.37837258028761
24.8461538461538,512.179487179487,18.3353142259185
26.6923076923077,512.179487179487,27.2922558715494
28.5384615384615,512.179487179487,36.2491975171802
30.3846153846154,512.179487179487,34.5369031256928
32.2307692307692,512.179487179487,32.8505210918114
34.0769230769231,512.179487179487,31.23864681555
35.9230769230769,512.179487179487,29.6103391232424
37.7692307692308,512.179487179487,27.7277088502895
39.6153846153846,512.179487179487,27.6526220016543
41.4615384615385,512.179487179487,26.5801918941274
43.3076923076923,512.179487179487,24.7968072787428
45.1538461538462,512.179487179487,24.7562514474773
47,512.179487179487,21.8564929693962
48.8461538461538,512.179487179487,19.7794458229942
50.6923076923077,512.179487179487,19.3511381306865
52.5384615384615,512.179487179487,17.4390256410256
54.3846153846154,512.179487179487,15.6401009098428
56.2307692307692,512.179487179487,14.2320248138958
58.0769230769231,512.179487179487,12.7638709677419
59.9230769230769,512.179487179487,11.8799172870141
61.7692307692308,512.179487179487,10.3401157981803
63.6153846153846,512.179487179487,9.24411579818031
65.4615384615385,512.179487179487,8.14563440860215
67.3076923076923,512.179487179487,7.11101736972705
69.1538461538462,512.179487179487,6.12904714640198
71,512.179487179487,5.26904714640198
72.8461538461538,512.179487179487,4.42397849462366
74.6923076923077,512.179487179487,3.69351033912324
76.5384615384615,512.179487179487,3.13612076095947
78.3846153846154,512.179487179487,2.6388899917287
80.2307692307692,512.179487179487,2.19049958643507
82.0769230769231,512.179487179487,1.92465343258892
83.9230769230769,512.179487179487,1.55646815550041
85.7692307692308,512.179487179487,1.25800661703887
87.6153846153846,512.179487179487,1.10782630272953
89.4615384615385,512.179487179487,0.841980148883374
91.3076923076923,512.179487179487,0.709518610421836
93.1538461538462,512.179487179487,0.608886683209263
95,512.179487179487,0.457502067824648
23,528.153846153846,9.40029624716643
24.8461538461538,528.153846153846,18.3430904265082
26.6923076923077,528.153846153846,27.28588460585
28.5384615384615,528.153846153846,36.2286787851918
30.3846153846154,528.153846153846,34.5163843937043
32.2307692307692,528.153846153846,32.8350620347395
34.0769230769231,528.153846153846,31.198158808933
35.9230769230769,528.153846153846,29.5698511166253
37.7692307692308,528.153846153846,27.7424317617866
39.6153846153846,528.153846153846,27.7954342431762
41.4615384615385,528.153846153846,26.8194392059553
43.3076923076923,528.153846153846,25.0360545905707
45.1538461538462,528.153846153846,24.7746550868486
47,528.153846153846,22.0898511166253
48.8461538461538,528.153846153846,19.882158808933
50.6923076923077,528.153846153846,19.4056129032258
52.5384615384615,528.153846153846,17.5303076923077
54.3846153846154,528.153846153846,15.7983722084367
56.2307692307692,528.153846153846,14.3903722084367
58.0769230769231,528.153846153846,12.9228784119107
59.9230769230769,528.153846153846,11.9432258064516
61.7692307692308,528.153846153846,10.44317617866
63.6153846153846,528.153846153846,9.34610421836228
65.4615384615385,528.153846153846,8.23102729528536
67.3076923076923,528.153846153846,7.19493796526055
69.1538461538462,528.153846153846,6.23946898263027
71,528.153846153846,5.37946898263027
72.8461538461538,528.153846153846,4.5417617866005
74.6923076923077,528.153846153846,3.80540446650124
76.5384615384615,528.153846153846,3.24359801488833
78.3846153846154,528.153846153846,2.74636724565757
80.2307692307692,528.153846153846,2.29282382133995
82.0769230769231,528.153846153846,2.0269776674938
83.9230769230769,528.153846153846,1.63081885856079
85.7692307692308,528.153846153846,1.33235732009926
87.6153846153846,528.153846153846,1.15862034739454
89.4615384615385,528.153846153846,0.892774193548387
91.3076923076923,528.153846153846,0.760312655086849
93.1538461538462,528.153846153846,0.644957816377171
95,528.153846153846,0.493573200992556
23,544.128205128205,9.42221991404524
24.8461538461538,544.128205128205,18.3508666270979
26.6923076923077,544.128205128205,27.2795133401506
28.5384615384615,544.128205128205,36.2081600532033
30.3846153846154,544.128205128205,34.4958656617158
32.2307692307692,544.128205128205,32.8196029776675
34.0769230769231,544.128205128205,31.158064516129
35.9230769230769,544.128205128205,29.5293631100083
37.7692307692308,544.128205128205,27.7571546732837
39.6153846153846,544.128205128205,27.9382464846981
41.4615384615385,544.128205128205,26.9967080231596
43.3076923076923,544.128205128205,25.2753019023987
45.1538461538462,544.128205128205,24.79305872622
47,544.128205128205,22.3232092638544
48.8461538461538,544.128205128205,20.1155169561621
50.6923076923077,544.128205128205,19.4600876757651
52.5384615384615,544.128205128205,17.6215897435897
54.3846153846154,544.128205128205,15.9566435070306
56.2307692307692,544.128205128205,14.5486435070306
58.0769230769231,544.128205128205,13.0818858560794
59.9230769230769,544.128205128205,12.0065343258892
61.7692307692308,544.128205128205,10.5462365591398
63.6153846153846,544.128205128205,9.43149710504549
65.4615384615385,544.128205128205,8.31642018196857
67.3076923076923,544.128205128205,7.27885856079404
69.1538461538462,544.128205128205,6.34989081885856
71,544.128205128205,5.4930835401158
72.8461538461538,544.128205128205,4.65954507857734
74.6923076923077,544.128205128205,3.91729859387924
76.5384615384615,544.128205128205,3.3510752688172
78.3846153846154,544.128205128205,2.85384449958643
80.2307692307692,544.128205128205,2.39514805624483
82.0769230769231,544.128205128205,2.11132340777502
83.9230769230769,544.128205128205,1.70516956162117
85.7692307692308,544.128205128205,1.40670802315964
87.6153846153846,544.128205128205,1.20941439205955
89.4615384615385,544.128205128205,0.943568238213399
91.3076923076923,544.128205128205,0.811106699751861
93.1538461538462,544.128205128205,0.681028949545078
95,544.128205128205,0.529644334160463
23,560.102564102564,7.31878485327384
24.8461538461538,560.102564102564,14.1079253723872
26.6923076923077,560.102564102564,20.8970658915006
28.5384615384615,560.102564102564,27.686206410614
30.3846153846154,560.102564102564,34.4753469297273
32.2307692307692,560.102564102564,32.8041439205955
34.0769230769231,560.102564102564,31.1426054590571
35.9230769230769,560.102564102564,29.4888751033912
37.7692307692308,560.102564102564,27.7718775847808
39.6153846153846,560.102564102564,28.08105872622
41.4615384615385,560.102564102564,27.1395202646816
43.3076923076923,560.102564102564,25.5145492142266
45.1538461538462,560.102564102564,24.8114623655914
47,560.102564102564,22.5565674110835
48.8461538461538,560.102564102564,20.3488751033912
50.6923076923077,560.102564102564,19.5145624483044
52.5384615384615,560.102564102564,17.7128717948718
54.3846153846154,560.102564102564,16.1149148056245
56.2307692307692,560.102564102564,14.7069148056245
58.0769230769231,560.102564102564,13.2408933002481
59.9230769230769,560.102564102564,12.0698428453267
61.7692307692308,560.102564102564,10.6492969396195
63.6153846153846,560.102564102564,9.5168899917287
65.4615384615385,560.102564102564,8.40181306865178
67.3076923076923,560.102564102564,7.36277915632754
69.1538461538462,560.102564102564,6.46031265508685
71,560.102564102564,5.61086683209264
72.8461538461538,560.102564102564,4.77732837055418
74.6923076923077,560.102564102564,4.02919272125724
76.5384615384615,560.102564102564,3.45855252274607
78.3846153846154,560.102564102564,2.95716459884202
80.2307692307692,560.102564102564,2.49747229114971
82.0769230769231,560.102564102564,2.1856741108354
83.9230769230769,560.102564102564,1.77952026468155
85.7692307692308,560.102564102564,1.48105872622002
87.6153846153846,560.102564102564,1.26020843672457
89.4615384615385,560.102564102564,0.994362282878411
91.3076923076923,560.102564102564,0.861900744416873
93.1538461538462,560.102564102564,0.717100082712985
95,560.102564102564,0.56571546732837
23,576.076923076923,7.34353801341047
24.8461538461538,576.076923076923,14.1213605594926
26.6923076923077,576.076923076923,20.8991831055747
28.5384615384615,576.076923076923,27.6770056516568
30.3846153846154,576.076923076923,34.4548281977389
32.2307692307692,576.076923076923,32.7886848635236
34.0769230769231,576.076923076923,31.1271464019851
35.9230769230769,576.076923076923,29.4483870967742
37.7692307692308,576.076923076923,27.7866004962779
39.6153846153846,576.076923076923,28.2238709677419
41.4615384615385,576.076923076923,27.2823325062035
43.3076923076923,576.076923076923,25.7537965260546
45.1538461538462,576.076923076923,24.8298660049628
47,576.076923076923,22.7899255583127
48.8461538461538,576.076923076923,20.5822332506203
50.6923076923077,576.076923076923,19.5690372208437
52.5384615384615,576.076923076923,17.8041538461538
54.3846153846154,576.076923076923,16.2731861042184
56.2307692307692,576.076923076923,14.8651861042184
58.0769230769231,576.076923076923,13.3999007444169
59.9230769230769,576.076923076923,12.1331513647643
61.7692307692308,576.076923076923,10.7523573200993
63.6153846153846,576.076923076923,9.60228287841191
65.4615384615385,576.076923076923,8.48720595533499
67.3076923076923,576.076923076923,7.44669975186104
69.1538461538462,576.076923076923,6.57073449131513
71,576.076923076923,5.72865012406948
72.8461538461538,576.076923076923,4.89511166253102
74.6923076923077,576.076923076923,4.14108684863524
76.5384615384615,576.076923076923,3.56602977667494
78.3846153846154,576.076923076923,3.0594888337469
80.2307692307692,576.076923076923,2.59979652605459
82.0769230769231,576.076923076923,2.26002481389578
83.9230769230769,576.076923076923,1.85387096774193
85.7692307692308,576.076923076923,1.5554094292804
87.6153846153846,576.076923076923,1.31100248138958
89.4615384615385,576.076923076923,1.04515632754342
91.3076923076923,576.076923076923,0.904555831265509
93.1538461538462,576.076923076923,0.753171215880893
95,576.076923076923,0.601786600496278
23,592.051282051282,7.36838213399504
24.8461538461538,592.051282051282,14.1349776674938
26.6923076923077,592.051282051282,20.9015732009926
28.5384615384615,592.051282051282,27.6681687344913
30.3846153846154,592.051282051282,34.4347642679901
32.2307692307692,592.051282051282,32.7732258064516
34.0769230769231,592.051282051282,31.1116873449132
35.9230769230769,592.051282051282,29.4078990901572
37.7692307692308,592.051282051282,27.801323407775
39.6153846153846,592.051282051282,28.3551695616212
41.4615384615385,592.051282051282,27.4251447477254
43.3076923076923,592.051282051282,25.9930438378825
45.1538461538462,592.051282051282,24.8482696443342
47,592.051282051282,22.8691927212572
48.8461538461538,592.051282051282,20.8155913978495
50.6923076923077,592.051282051282,19.623511993383
52.5384615384615,592.051282051282,17.8954358974359
54.3846153846154,592.051282051282,16.4314574028122
56.2307692307692,592.051282051282,15.0234574028122
58.0769230769231,592.051282051282,13.5589081885856
59.9230769230769,592.051282051282,12.1964598842018
61.7692307692308,592.051282051282,10.855417700579
63.6153846153846,592.051282051282,9.68767576509512
65.4615384615385,592.051282051282,8.57185111662531
67.3076923076923,592.051282051282,7.53062034739454
69.1538461538462,592.051282051282,6.68115632754342
71,592.051282051282,5.84643341604632
72.8461538461538,592.051282051282,5.01289495450786
74.6923076923077,592.051282051282,4.25298097601323
76.5384615384615,592.051282051282,3.6735070306038
78.3846153846154,592.051282051282,3.16181306865178
80.2307692307692,592.051282051282,2.70212076095947
82.0769230769231,592.051282051282,2.33437551695616
83.9230769230769,592.051282051282,1.92822167080231
85.7692307692308,592.051282051282,1.62764267990074
87.6153846153846,592.051282051282,1.36179652605459
89.4615384615385,592.051282051282,1.09595037220844
91.3076923076923,592.051282051282,0.940626964433416
93.1538461538462,592.051282051282,0.7892423490488
95,592.051282051282,0.637857733664185
23,608.025641025641,7.39414722911497
24.8461538461538,608.025641025641,14.1504367245658
26.6923076923077,608.025641025641,20.9067262200165
28.5384615384615,608.025641025641,27.6630157154673
30.3846153846154,608.025641025641,34.4193052109181
32.2307692307692,608.025641025641,32.7577667493796
34.0769230769231,608.025641025641,31.0962282878412
35.9230769230769,608.025641025641,29.3674110835401
37.7692307692308,608.025641025641,27.8160463192721
39.6153846153846,608.025641025641,28.3698924731183
41.4615384615385,608.025641025641,27.5679569892473
43.3076923076923,608.025641025641,26.2322911497105
45.1538461538462,608.025641025641,24.8666732837055
47,608.025641025641,22.8875963606286
48.8461538461538,608.025641025641,21.0489495450786
50.6923076923077,608.025641025641,19.6779867659222
52.5384615384615,608.025641025641,17.9867179487179
54.3846153846154,608.025641025641,16.5897287014061
56.2307692307692,608.025641025641,15.1817287014061
58.0769230769231,608.025641025641,13.7179156327543
59.9230769230769,608.025641025641,12.2597684036394
61.7692307692308,608.025641025641,10.9584780810587
63.6153846153846,608.025641025641,9.77306865177833
65.4615384615385,608.025641025641,8.65577171215881
67.3076923076923,608.025641025641,7.61454094292804
69.1538461538462,608.025641025641,6.79157816377171
71,608.025641025641,5.96421670802316
72.8461538461538,608.025641025641,5.12549048800662
74.6923076923077,608.025641025641,4.36487510339123
76.5384615384615,608.025641025641,3.78098428453267
78.3846153846154,608.025641025641,3.26413730355666
80.2307692307692,608.025641025641,2.80444499586435
82.0769230769231,608.025641025641,2.40872622001654
83.9230769230769,608.025641025641,2.00257237386269
85.7692307692308,608.025641025641,1.67843672456576
87.6153846153846,608.025641025641,1.4125905707196
89.4615384615385,608.025641025641,1.14674441687345
91.3076923076923,608.025641025641,0.976698097601324
93.1538461538462,608.025641025641,0.825313482216708
95,608.025641025641,0.673928866832093
23,624,7.4199123242349
24.8461538461538,624,14.1658957816377
26.6923076923077,624,20.9118792390405
28.5384615384615,624,27.6578626964433
30.3846153846154,624,34.4038461538462
32.2307692307692,624,32.7423076923077
34.0769230769231,624,31.0807692307692
35.9230769230769,624,29.3269230769231
37.7692307692308,624,27.8307692307692
39.6153846153846,624,28.3846153846154
41.4615384615385,624,27.7107692307692
43.3076923076923,624,26.4715384615385
45.1538461538462,624,24.8850769230769
47,624,22.906
48.8461538461538,624,21.2823076923077
50.6923076923077,624,19.7324615384615
52.5384615384615,624,18.092
54.3846153846154,624,16.748
56.2307692307692,624,15.34
58.0769230769231,624,13.8769230769231
59.9230769230769,624,12.3630769230769
61.7692307692308,624,11.0615384615385
63.6153846153846,624,9.85846153846154
65.4615384615385,624,8.73969230769231
67.3076923076923,624,7.69846153846154
69.1538461538462,624,6.902
71,624,6.082
72.8461538461538,624,5.23738461538462
74.6923076923077,624,4.47676923076923
76.5384615384615,624,3.88846153846154
78.3846153846154,624,3.36646153846154
80.2307692307692,624,2.88923076923077
82.0769230769231,624,2.48307692307692
83.9230769230769,624,2.07692307692307
85.7692307692308,624,1.72923076923077
87.6153846153846,624,1.46338461538462
89.4615384615385,624,1.19753846153846
91.3076923076923,624,1.01276923076923
93.1538461538462,624,0.861384615384615
95,624,0.71
